Date,Contributor,UserID,Text,Audio,PartialText,PartialAudio
14-Jan-25,Rajkumar,vakkadar,Y,Y,Y,Y
15-Jan-25,,,,,,,
16-Jan-25,,,,,,,
17-Jan-25,,,,,,,
18-Jan-25,,,,,,,
19-Jan-25,,,,,,,
20-Jan-25,,,,,,,
21-Jan-25,,,,,,,
22-Jan-25,,,,,,,
23-Jan-25,,,,,,,
24-Jan-25,,,,,,,
25-Jan-25,,,,,,,
26-Jan-25,,,,,,,
27-Jan-25,,,,,,,
28-Jan-25,,,,,,,
29-Jan-25,,,,,,,
30-Jan-25,,,,,,,
31-Jan-25,,,,,,,
1-Feb-25,,,,,,,
2-Feb-25,,,,,,,
3-Feb-25,,,,,,,
4-Feb-25,,,,,,,
5-Feb-25,,,,,,,
6-Feb-25,,,,,,,
7-Feb-25,,,,,,,
8-Feb-25,,,,,,,
9-Feb-25,,,,,,,
10-Feb-25,,,,,,,
11-Feb-25,,,,,,,
12-Feb-25,,,,,,,
13-Feb-25,,,,,,,
14-Feb-25,,,,,,,
15-Feb-25,,,,,,,
16-Feb-25,,,,,,,
17-Feb-25,,,,,,,
18-Feb-25,,,,,,,
19-Feb-25,,,,,,,
20-Feb-25,,,,,,,
21-Feb-25,,,,,,,
22-Feb-25,,,,,,,
23-Feb-25,,,,,,,
24-Feb-25,,,,,,,
25-Feb-25,,,,,,,
26-Feb-25,,,,,,,
27-Feb-25,,,,,,,
28-Feb-25,,,,,,,
1-Mar-25,,,,,,,
2-Mar-25,,,,,,,
3-Mar-25,,,,,,,
4-Mar-25,,,,,,,
5-Mar-25,,,,,,,
6-Mar-25,,,,,,,
7-Mar-25,,,,,,,
8-Mar-25,,,,,,,
9-Mar-25,,,,,,,
10-Mar-25,,,,,,,
11-Mar-25,,,,,,,
12-Mar-25,,,,,,,
13-Mar-25,,,,,,,
14-Mar-25,,,,,,,
15-Mar-25,,,,,,,
16-Mar-25,,,,,,,
17-Mar-25,,,,,,,
18-Mar-25,,,,,,,
19-Mar-25,,,,,,,
20-Mar-25,,,,,,,
21-Mar-25,,,,,,,
22-Mar-25,,,,,,,
23-Mar-25,,,,,,,
24-Mar-25,,,,,,,
25-Mar-25,,,,,,,
26-Mar-25,,,,,,,
27-Mar-25,,,,,,,
28-Mar-25,,,,,,,
29-Mar-25,,,,,,,
30-Mar-25,,,,,,,
31-Mar-25,,,,,,,
1-Apr-25,,,,,,,
2-Apr-25,,,,,,,
3-Apr-25,,,,,,,
4-Apr-25,,,,,,,
5-Apr-25,,,,,,,
6-Apr-25,,,,,,,
7-Apr-25,,,,,,,
8-Apr-25,,,,,,,
9-Apr-25,,,,,,,
10-Apr-25,,,,,,,
11-Apr-25,,,,,,,
12-Apr-25,,,,,,,
13-Apr-25,,,,,,,
14-Apr-25,,,,,,,
15-Apr-25,,,,,,,
16-Apr-25,,,,,,,
17-Apr-25,,,,,,,
18-Apr-25,,,,,,,
19-Apr-25,,,,,,,
20-Apr-25,,,,,,,
21-Apr-25,,,,,,,
22-Apr-25,,,,,,,
23-Apr-25,,,,,,,
24-Apr-25,,,,,,,
25-Apr-25,,,,,,,
26-Apr-25,,,,,,,
27-Apr-25,,,,,,,
28-Apr-25,,,,,,,
29-Apr-25,,,,,,,
30-Apr-25,,,,,,,
1-May-25,,,,,,,
2-May-25,,,,,,,
3-May-25,,,,,,,
4-May-25,,,,,,,
5-May-25,,,,,,,
6-May-25,,,,,,,
7-May-25,,,,,,,
8-May-25,,,,,,,
9-May-25,,,,,,,
10-May-25,,,,,,,
11-May-25,,,,,,,
12-May-25,,,,,,,
13-May-25,,,,,,,
14-May-25,,,,,,,
15-May-25,,,,,,,
16-May-25,,,,,,,
17-May-25,,,,,,,
18-May-25,,,,,,,
19-May-25,,,,,,,
20-May-25,,,,,,,
21-May-25,,,,,,,
22-May-25,,,,,,,
23-May-25,,,,,,,
24-May-25,,,,,,,
25-May-25,,,,,,,
26-May-25,,,,,,,
27-May-25,,,,,,,
28-May-25,,,,,,,
29-May-25,,,,,,,
30-May-25,,,,,,,
31-May-25,,,,,,,
1-Jun-25,,,,,,,
2-Jun-25,,,,,,,
3-Jun-25,,,,,,,
4-Jun-25,,,,,,,
5-Jun-25,,,,,,,
6-Jun-25,,,,,,,
7-Jun-25,,,,,,,
8-Jun-25,,,,,,,
9-Jun-25,,,,,,,
10-Jun-25,,,,,,,
11-Jun-25,,,,,,,
12-Jun-25,,,,,,,
13-Jun-25,,,,,,,
14-Jun-25,,,,,,,
15-Jun-25,,,,,,,
16-Jun-25,,,,,,,
17-Jun-25,,,,,,,
18-Jun-25,,,,,,,
19-Jun-25,,,,,,,
20-Jun-25,,,,,,,
21-Jun-25,,,,,,,
22-Jun-25,,,,,,,
23-Jun-25,,,,,,,
24-Jun-25,,,,,,,
25-Jun-25,,,,,,,
26-Jun-25,,,,,,,
27-Jun-25,,,,,,,
28-Jun-25,,,,,,,
29-Jun-25,,,,,,,
30-Jun-25,,,,,,,
1-Jul-25,,,,,,,
2-Jul-25,,,,,,,
3-Jul-25,,,,,,,
4-Jul-25,,,,,,,
5-Jul-25,,,,,,,
6-Jul-25,,,,,,,
7-Jul-25,,,,,,,
8-Jul-25,,,,,,,
9-Jul-25,,,,,,,
10-Jul-25,,,,,,,
11-Jul-25,,,,,,,
12-Jul-25,,,,,,,
13-Jul-25,,,,,,,
14-Jul-25,,,,,,,
15-Jul-25,,,,,,,
16-Jul-25,,,,,,,
17-Jul-25,,,,,,,
18-Jul-25,,,,,,,
19-Jul-25,,,,,,,
20-Jul-25,,,,,,,
21-Jul-25,,,,,,,
22-Jul-25,,,,,,,
23-Jul-25,,,,,,,
24-Jul-25,,,,,,,
25-Jul-25,,,,,,,
26-Jul-25,,,,,,,
27-Jul-25,,,,,,,
28-Jul-25,,,,,,,
29-Jul-25,,,,,,,
30-Jul-25,,,,,,,
31-Jul-25,,,,,,,
1-Aug-25,,,,,,,
2-Aug-25,,,,,,,
3-Aug-25,,,,,,,
4-Aug-25,,,,,,,
5-Aug-25,,,,,,,
6-Aug-25,,,,,,,
7-Aug-25,,,,,,,
8-Aug-25,,,,,,,
9-Aug-25,,,,,,,
10-Aug-25,,,,,,,
11-Aug-25,,,,,,,
12-Aug-25,,,,,,,
13-Aug-25,,,,,,,
14-Aug-25,,,,,,,
15-Aug-25,,,,,,,
16-Aug-25,,,,,,,
17-Aug-25,,,,,,,
18-Aug-25,,,,,,,
19-Aug-25,,,,,,,
20-Aug-25,,,,,,,
21-Aug-25,,,,,,,
22-Aug-25,,,,,,,
23-Aug-25,,,,,,,
24-Aug-25,,,,,,,
25-Aug-25,,,,,,,
26-Aug-25,,,,,,,
27-Aug-25,,,,,,,
28-Aug-25,,,,,,,
29-Aug-25,,,,,,,
30-Aug-25,,,,,,,
31-Aug-25,,,,,,,
1-Sep-25,,,,,,,
2-Sep-25,,,,,,,
3-Sep-25,,,,,,,
4-Sep-25,,,,,,,
5-Sep-25,,,,,,,
6-Sep-25,,,,,,,
7-Sep-25,,,,,,,
8-Sep-25,,,,,,,
9-Sep-25,,,,,,,
10-Sep-25,,,,,,,
11-Sep-25,,,,,,,
12-Sep-25,,,,,,,
13-Sep-25,,,,,,,
14-Sep-25,,,,,,,
15-Sep-25,,,,,,,
16-Sep-25,,,,,,,
17-Sep-25,,,,,,,
18-Sep-25,,,,,,,
19-Sep-25,,,,,,,
20-Sep-25,,,,,,,
21-Sep-25,,,,,,,
22-Sep-25,,,,,,,
23-Sep-25,,,,,,,
24-Sep-25,,,,,,,
25-Sep-25,,,,,,,
26-Sep-25,,,,,,,
27-Sep-25,,,,,,,
28-Sep-25,,,,,,,
29-Sep-25,,,,,,,
30-Sep-25,,,,,,,
1-Oct-25,,,,,,,
2-Oct-25,,,,,,,
3-Oct-25,,,,,,,
4-Oct-25,,,,,,,
5-Oct-25,,,,,,,
6-Oct-25,,,,,,,
7-Oct-25,,,,,,,
8-Oct-25,,,,,,,
9-Oct-25,,,,,,,
10-Oct-25,,,,,,,
11-Oct-25,,,,,,,
12-Oct-25,,,,,,,
13-Oct-25,,,,,,,
14-Oct-25,,,,,,,
15-Oct-25,,,,,,,
16-Oct-25,,,,,,,
17-Oct-25,,,,,,,
18-Oct-25,,,,,,,
19-Oct-25,,,,,,,
20-Oct-25,,,,,,,
21-Oct-25,,,,,,,
22-Oct-25,,,,,,,
23-Oct-25,,,,,,,
24-Oct-25,,,,,,,
25-Oct-25,,,,,,,
26-Oct-25,,,,,,,
27-Oct-25,,,,,,,
28-Oct-25,,,,,,,
29-Oct-25,,,,,,,
30-Oct-25,,,,,,,
31-Oct-25,,,,,,,
1-Nov-25,,,,,,,
2-Nov-25,,,,,,,
3-Nov-25,,,,,,,
4-Nov-25,,,,,,,
5-Nov-25,,,,,,,
6-Nov-25,,,,,,,
7-Nov-25,,,,,,,
8-Nov-25,,,,,,,
9-Nov-25,,,,,,,
10-Nov-25,,,,,,,
11-Nov-25,,,,,,,
12-Nov-25,,,,,,,
13-Nov-25,,,,,,,
14-Nov-25,,,,,,,
15-Nov-25,,,,,,,
16-Nov-25,,,,,,,
17-Nov-25,,,,,,,
18-Nov-25,,,,,,,
19-Nov-25,,,,,,,
20-Nov-25,,,,,,,
21-Nov-25,,,,,,,
22-Nov-25,,,,,,,
23-Nov-25,,,,,,,
24-Nov-25,,,,,,,
25-Nov-25,,,,,,,
26-Nov-25,,,,,,,
27-Nov-25,,,,,,,
28-Nov-25,,,,,,,
29-Nov-25,,,,,,,
30-Nov-25,,,,,,,
1-Dec-25,,,,,,,
2-Dec-25,,,,,,,
3-Dec-25,,,,,,,
4-Dec-25,,,,,,,
5-Dec-25,,,,,,,
6-Dec-25,,,,,,,
7-Dec-25,,,,,,,
8-Dec-25,,,,,,,
9-Dec-25,,,,,,,
10-Dec-25,,,,,,,
11-Dec-25,,,,,,,
12-Dec-25,,,,,,,
13-Dec-25,,,,,,,
14-Dec-25,,,,,,,
15-Dec-25,,,,,,,
16-Dec-25,,,,,,,
17-Dec-25,,,,,,,
18-Dec-25,,,,,,,
19-Dec-25,,,,,,,
20-Dec-25,,,,,,,
21-Dec-25,,,,,,,
22-Dec-25,,,,,,,
23-Dec-25,,,,,,,
24-Dec-25,,,,,,,
25-Dec-25,,,,,,,
26-Dec-25,,,,,,,
27-Dec-25,,,,,,,
28-Dec-25,,,,,,,
29-Dec-25,,,,,,,
30-Dec-25,,,,,,,
31-Dec-25,,,,,,,
1-Jan-26,,,,,,,
2-Jan-26,,,,,,,
3-Jan-26,,,,,,,
4-Jan-26,,,,,,,
5-Jan-26,,,,,,,
6-Jan-26,,,,,,,
7-Jan-26,,,,,,,
8-Jan-26,,,,,,,
9-Jan-26,,,,,,,
10-Jan-26,,,,,,,
11-Jan-26,,,,,,,
12-Jan-26,,,,,,,
13-Jan-26,,,,,,,